<?xml version="1.0" encoding="UTF-8" standalone="yes"?>
<addon id="plugin.program.msp12wizard" name="MSP12 Wizard" version="1.1.7" provider-name="MSP12">
  <requires>
    <import addon="xbmc.python" version="2.1.0"/>
  </requires>
  <extension point="xbmc.python.pluginsource" library="default.py">
    <provides>executable</provides>
  </extension>
  <extension point="xbmc.service" library="startup.py" start="startup" />
  <extension point="xbmc.addon.metadata">
    <summary lang="en">MSP12 Wizard</summary>
    <description lang="en">MSP12 Wizard allows you to get access to the latest MSP12 Custom Builds.</description>
    <platform>all</platform>
  </extension>
</addon>